0000000	Kucinich: Reclaiming the money power
0000001	Trump Just Woke Up & Viciously Attacked Puerto Ricans On Twitter Like A Cruel Old Man
0000002	Liberals wailing about gun control, but what about abortion?
0000003	Laremy Tunsil joins NFL players in kneeling during national anthem
0000004	It's 1968 All Over Again
0000005	Gold Price in December 2017 - Myriads of Signals and Analogies
0000006	Conservatives & Trump Can Still Stop the Worst of Obamacare
0000007	Don't Fall for Jimmy Kimmel's Cheap Zero-Sum Emotionalism
0000008	Tell Us, Mr. Bannon -- Just What Is Trumpism?
0000009	THEY DON’T CALL IT ‘THE GREAT TWEET OF CHINA’
0000010	Racist Scare: The New McCarthyism
0000011	‘Access Hollywood’ to Trump: The tape is ‘very real’
0000012	ESPN accepted 'SportsCenter' anchor Jemele Hill's apology for her anti-Trump tweets
0000013	Trump Decertified the Iranian Deal, Just 'Cause
0000014	Ivana Trump said Donald once abandoned Donald Jr. on a tarmac because he was 5 minutes late for a flight
0000015	Trump said it would be a 'very sad day' for North Korea if the US had to use force
0000016	The State Department said there's less urgency to release Clinton's emails due to low interest
0000017	‘Serial misconduct and perversion’: Trump accusers describe incidents ‘a thousand times worse than what Franken has done’
0000018	Democrats Are Working Hard to Destroy Their Party
0000019	TIME FOR A CHANGE. The Energy Report 01/02/18
0000020	Far-right leaders have double standards for immigrants
0000021	Tear Down White Supremacy, Start w/Planned Parenthood
0000022	Here’s your leftover turkey: The case for Hillary Clinton 2020
0000023	Shannon Sharpe goes after NFL owners’ hypocrisy over “unity”
0000024	Trump: FBI Ruined Flynn, Let Clinton Go Free
0000025	9 Famous Criminals Who Were Murdered in Prison
0000026	A Grain Of Saul: Stopping Sexual Assault Is Not A Partisan Issue Or A Women's Issue. It's Up To All Of Us.
0000027	Trump Right On China The First Time
0000028	Trump's Media Furore... US Democracy On Thin Ice
0000029	Trump's threats against North Korea signify real danger of war
0000030	When the Parades Are Over, Who Stands With Unions?
0000031	Chappaqua's Hillary Clinton Lets 'Guard Down,' Will Reveal 'What Happened'
0000032	Goodell sends letter to NFL owners regarding kneeling during anthem
0000033	Donald Trump labels NFL player "son of a bitch"
0000034	Harvey Weinstein became a major player in Democratic politics — here's the wide net of people he has given money to
0000035	McMaster: Potential for War With North Korea Grows Daily
0000036	CNN Attacks Roy Moore Just Because He Shared My BarbWire Piece
0000037	Here's How the Ruling Class USES the Left
0000038	Channel 4 documentary My Week As A Muslim sparks row over 'brownfacing'
0000039	Metal Man
0000040	Vegas Survivor Proves FBI Lying Scum! Wow!
0000041	Thanks Trump: Birther Joe Arpaio is back
0000042	Steve Bannon’s big problem isn’t Breitbart. It’s Trump
0000043	Trump’s anti-Muslim tweets: Pathological racism or severe mental decline?
0000044	Republicans approve 36-year-old judicial nominee who has never tried a case
0000045	Republican Student Group At SDSU Demands Muslim Student Association Condemn Barcelona Attacks
0000046	Let America Be America Again - Poem by Langston Hughes
0000047	WATCH: Alex Jones convulses in demonic rant against ‘evil’ Joe Scarborough and Mika Brzezinski
0000048	Tom Arnold: Clinton begged me to release tape of Trump’s racist rant
0000049	Nelly Arrested On Rape Charges: Report
0000050	Obama: Men need to get over their sexism and elect Clinton
0000051	Pitts: President finally gets what he deserves
0000052	Hillary Clinton’s niece is voting for Donald Trump
0000053	If you don’t believe the media has lost their minds, watch this and think again…
0000054	Video from Brazil: Muslim migrants throw homemade bomb at anti-Migration Law protesters
0000055	Ex-UVA dean’s lawyer blasts Rolling Stone editor’s ‘reckless’ rape story
0000056	Georgia teacher in custody after report of shots at school
0000057	A Nixonian end to the 2016 sleaze sweepstakes?
0000058	Kellyanne Conway says White House “doesn’t care” about Clinton, but Trump certainly does
0000059	Don’t buy Harry Reid’s smear of FBI boss James Comey
0000060	Dems should blame Hillary, not Comey, for the ‘October surprise’
0000061	Rolling Stone editor admits rape story was botched
0000062	Breitbart editor: We defended Roy Moore to protect Donald Trump
0000063	FBI: Man arrested after attempting to detonate vehicle bomb outside downtown OKC bank
0000064	Donate to Ace of Spades HQ!
0000065	Michigan State Police say viral Facebook human trafficking video is not accurate
0000066	Withdraw your ethnocentric comment against Northerners – Alhaji Sani to Akpaloo
0000067	Sebastian Gorka expects a White House shake-up before Christmas. Here's our Q&A.
0000068	Trump Tweets: 'We Will Be Taking Strong Action Today' on SW Border
0000069	Donald Hits Back at Father of Fallen Muslim Soldier After His Impassioned DNC Speech Against Trump
0000070	A Yom Kippur challenge for liberal Jews
0000071	Donald Trump Named Presumptive GOP Nominee As Ted Cruz Drops Out of Presidential Race
0000072	Trump reportedly tried to privately ‘rationalize’ KKK membership in wake of Charlottesville
0000073	Hillary Clinton Officially Joins the 2016 Presidential Race
0000074	Ex-Secret Service officer behind Clinton tell-all planning defamation suit
0000075	Textbook' Racism: Donald Trump's Attacks on Federal Judge Unite GOP from Ryan to Schwarzenegger; Clinton Warns Women Judges Could Be Next
0000076	Trump blasts FBI leadership but says he's loyal to police
0000077	Susan Rice is a Gaffe Machine, but Blames the Hate on Racist and Sexist Republicans
0000078	Enter The Stanley 65-Piece Homeowner’s Tool Kit Giveaway
0000079	Enter For A Chance To Win 6 Months of Dollar Shave Club
0000080	Eminem lashes out at President Trump in furious rap
0000081	North Korea THREAT: Trump will continue to apply MAXIMUM PRESSURE on Kim Jong-un
0000082	Brown: The oxymoron called social justice
0000083	Donald Trump Says He Supports a Database and ID Cards to Track Muslims in the U.S.: 'We're Going to Have to Look at the Mosques'
0000084	Recycling Obama's Failed Policies Won't Boost Democrats
0000085	Donald Trump just ceded the presidency to Hillary Clinton
0000086	Site pays $5K to anyone who calls Bill Clinton a ‘rapist’ at rallies
0000087	Trumpocalypse: The End Game
0000088	Trump uncharacteristically criticizes Putin after reports of chemical attack in Syria
0000089	Democrats' DACA Dishonesty
0000090	$166,000 Left in Plane’s Overheard Compartment, Returned To Owners
0000091	Cuomo Threatens Suit Against the Feds On Immigration Battle
0000092	The Absurdities Mount
0000093	Definition of freedom
0000094	Harvey Shows America's Colorblind Spirit -- Bad News for Race Hustlers
0000095	Conjugaison anglaise du verbe TO RESERVE
0000096	Trump teases impending 'strong action' on border security
0000097	Trump Falsely Claims Republican Robert Mueller Is A Democrat
0000098	Nigeria police personnel protest non-payment of salaries
0000099	Nicolle Wallace: Ex-White House officials admit Trump’s inner circle is ‘flying blind’ where Mueller investigation is going
0000100	Trump and Moore: Birther buddies reunite to promote more lies
0000101	Fox News pundits debate whether Hillary Clinton should go to jail for Trump’s Russia scandal
0000102	Trump vs. Psychiatrists: Who's Crazier?
0000103	Trump on Twitter (April 1): DACA, NAFTA
0000104	Don Lemon: Trump Unhinged, Embarrassing, Petty, "Opened Race Wound From Charlottesville"
0000105	Hillary Clinton to Colbert: Putin "Had A Personal Grudge Against Me," "Partly Because I'm A Woman"
0000106	The New York Times abandoned its integrity just to bash Donald Trump
0000107	Hillary’s trying to make the election a referendum on political correctness
0000108	Trump’s debate incompetence a slap in the face to his supporters
0000109	Hillary failed as secretary of state — why would president be any different?
0000110	The NRA CEO's Response To Las Vegas Shooting Was Incredibly Tone-Deaf
0000111	The harassment trail - In 2015, Nation journalist John Ngirachu was arrested
0000112	"Heartless" fraudsters conned an elderly woman out of thousands of pounds hours after she was told she was going to die of cancer.
0000113	NASCAR Team Owners Vow to Fire Drivers Who Protest During National Anthem
0000114	The Economist: Trump’s Creating More MS-13 Gangmembers
0000115	COMMENTARY: More questions surrounding the Las Vegas Strip shooting
0000116	Trump Attributes Iran Terror Attack to ‘The Evil They Promote’
0000117	US General Warns Growing ISIS Presence a Major Security Problem in Caribbean
0000118	What issues divide the nation during the civil war?
0000119	NATO Agrees to Formally Joint Anti-ISIS Coalition
0000120	CNN's Don Lemon: Has Trump Sparked a "Whitelash" Against NFL Players And Supporters
0000121	Michigan State Police say viral Facebook human trafficking video is not accurate
0000122	Mattis: US Army Must Be Ready to ‘Confront’ North Korea
0000123	Video of officer punching woman has some crying foul in York city
0000124	NYT Editor Claims To Be Former Antifa Member, Brags About Anti-Trump Bias
0000125	Las Vegas Shooting: 50 Dead, 200 Wounded at Jason Aldean Concert
0000126	GOD IS GOOD!! Trump Just GAVE THE ORDER: No More Obama’s Transgender Bathrooms!
0000127	Councilor Mike Gaffney Quotes Voltaire About Free Speech, Failed Reporter Buttmunch Billy Shaner Says He Was Quoting A White Supremacist
0000128	Gutterpube Who Says “F All Them Crackas” Who Got Shot In Vegas, Is A Deadbeat Dad Coke Dealer Who Claims He Donated Drug Proceeds To PR Relief
0000129	Junkbunny Who Tried Buying Xanax Off Turtleboy Tried Suing EMT After She Came After Him On An Ambulance Ride And Has Declared War On Turtle Riders
0000130	Shoutout To This Father-Son Duo Who Avenged Their Daughter/Sister’s Death By Kidnapping And Kicking The Shit Out Of Her Heroin Hookup Until He Named Names
0000131	Stinkin’ Dinkadoodles! Gupta Patel Slams New Bill Passed To Teach Your Kids Anal Sex In Public School And He’s Fired Up Like A Samosa Fresh Out The Pan!
0000132	Turns Out The Uxbridge Fresh Prince Of Bad Hair Is 19, Still In High School, And Put Uxbridge High On Lockdown After A Gun Incident On Snapchat
0000133	Why Did Mayor Petty Hire Well Known Communist Dan Margolis To Run His Campaign Smear Team And Serve On The Library Board?
0000134	Stranger By The Day=> Hotel Maintenance Worker Dodged Stephen Paddock’s Bullets BEFORE Shooting Vegas Crowd
0000135	Steve Bannon Gives Classic “Honey Badger” Response To Eminem Freestyle Diss
0000136	RINO Corker Wades Into Bitter Trump-McCain Feud With ‘Big Hug’
0000137	Revealed: Las Vegas Shooter Wired $100,000 To Philippines Last Week
0000138	Reporter: General Kelly Pulled Off Air Force One – May Resign by End of Week
0000139	One Year Ago Today: Trump Tells Hillary “You’d Be in Jail!”… It’s Time to Fulfill That Promise, Mr. President
0000140	6 Promising New Medical Treatments for Cancer
0000141	STUNNING: African Births Will Outnumber French Births in France in 5 Years
0000142	MO Democrat Chappelle-Nadal Compares Trump to Hitler and Hopes for His Assassination …Then Plays Race Card
0000143	Neither Islam Nor Liberalism Nor Anything Else Is a “Threat” to Christianity
0000144	The Truth About Christopher Columbus
0000145	‘Mother of All Rallies’ MOAR Rally Photos: Pictures from the Pro-Trump Event
0000146	Top 10 Best Hillary Clinton Quotes of All Time
0000147	2016 Florida Early Voting Final Results
0000148	States That Donald Trump Needs to Win in Order to Win the Election
0000149	Donald Trump & Hillary Clinton’s Odds of Winning Florida Nov. 7th
0000150	Latest Figures Reveal That The World Uses 500 Billion Plastic Bottles Annually
0000151	LIVE STREAM: Donald Trump Victory Speech
0000152	READ: Official ISIS Statement on Nice, France Terrorist Attack
0000153	U2’s St. Louis Concert Cancelled; Fans Offered Refunds
0000154	The 100 Funniest Tweets From the Unending Nightmare That's Been the 2016 Election
0000155	68. Emmy Ödül Töreni Adayları ve Kazananları
0000156	Google Restores Mike Adams’ Natural News After Massive Takedown
0000157	B&B Recap: Quinn unleashes her inner pain on a stunned Ridge
0000158	Eagles Destroy Corporate Drones, Cost Mining Company More Than $100,000
0000159	50 Holistic Doctors Have Mysteriously Died In The Last Year, But What’s Being Done About It?
0000160	Run You
0000161	David Brooks: The Abbie Hoffman of the Right: Donald Trump
0000162	No Foreigner Has Carried Out a Lethal Attack in the U.S. Since 9/11
0000163	PHOTOS: Aftermath of Hurricane Irma at Walt Disney World
0000164	Twitter Was Not Here For Sean Spicer's Emmy Appearance
0000165	Hiding Something? Obama Refuses To Host Hard-Copy Docs In Presidential Library
0000166	#FakeNews CNN Trashes Vice President – Estimates Price Tag of Pence Defending US Flag and Walking Out of Colts Game
0000167	CAPLAN: Will Bannonism—Not Trumpism—Shape The Republican Party’s Future?
0000168	BREAKING: Note Found in Stephen Paddock’s Room Contains Cryptic List of Numbers – Attack May Point to 9-11?
0000169	36 People Who Got What They Had Coming
0000170	ESPN Analyst Says Former San Fran Quarterback Colin Kaepernick Is the Victim
0000171	“Nation” Writer Claims Pence Is “Far Worse” Than Trump
0000172	Shahs of Sunset Recap: Keeping The Peace
0000173	Nativity Thieves Take Everything But Baby Jesus
0000174	Air Force Chief Staff ‘Classifies’ TRUMP as Enemy of America
0000175	Confederate controversy
0000176	Robert Mueller Wiretapped The Trump White House
0000177	Acting head of crime intelligence fired
0000178	What's on City-Data.com
0000179	The FBI Reportedly Wiretapped Trump's Campaign Chair, And It's A Big Deal
0000180	Police: 3 Seattle brothers arrested spent majority of lives sexually abusing children
0000181	Postpartum depression can affect dads – and testosterone may be to blame
0000182	Jennifer Aniston And Justin Theroux's Marriage In Trouble Because Of Chelsea Handler?
0000183	South Park Provoked the Rise of White Supremacists—Here's How
0000184	Jimmy Kimmel Doubles Down on Gun Control Plea, Tells Conservatives Who Disagree to Drop Dead
0000185	When The Left Eats Its Own: Watch ANTIFA Thug Punch BLM Member
0000186	Read The Memo That Rocked Washington And Exposed The Deep State Plot Against President Trump
0000187	Alt-Left Leader Vows to “Crush Skulls” With Baseball Bat During ‘Patriot Prayer’ Rally
0000188	CNN: Everyone that Voted for Trump is a “White Supremacist by Default”
0000189	Climate change science implodes as IPCC climate models found to be “totally wrong” … temperatures aren’t rising as predicted … hoax unraveling
0000190	This Dog Spent Her Entire Life Locked In A Basement. Now, She’s Finally Free
0000191	Hillary Clinton Funnels $800,000 to Her Political Group That Funds ANTIFA
0000192	4 Reasons Why We Keep Going Back to Disney’s Hollywood Studios
0000193	Can Deep State Be Trusted? Why Won’t the FBI Release Any Information on Las Vegas Shooting?
0000194	House Intelligence Committee Subpoenas Firm Behind Discredited “Trump Dossier”
0000195	IN MY VIEW: In this civil war, Trump wins
0000196	Hillary Tells of Screaming Into Pillow, Election Night Shock in Irish TV Interview.
0000197	Laawd..See Usher’s Reported Proof That Demolishes STD Accuser’s ‘Days Inn’ Story
0000198	James Van Der Beek reveals sexual harassment: 'I've had my ass grabbed by older, powerful men'
0000199	Michigan Court Grants Parental Rights to Pedophile Who Impregnated 12yo Girl During a Violent Rape
0000200	Georgina Chapman Leaves Harvey Weinstein in Wake of Scandal
0000201	Eric Paddock, Shooter Stephen C. Paddock’s Brother: 5 Fast Facts You Need to Know
0000202	ISIS Claims Stephen Paddock ‘Converted to Islam’ Before Shooting
0000203	"Boobs Are Back" Article
0000204	Should Confederate Statues Stay Or Be Removed? [POLL]
0000205	Racial slur reportedly found scrawled in KCK school bathroom
0000206	Michael Douglas denies masturbating in front of ex-employee: 'I'm bewildered'
0000207	Sheriff David Clarke To Join Trump Administration
0000208	The FBI Just Blew The Hillary Clinton Case Wide Open She Could Literally Be Going to Jail
0000209	Election
0000210	Flynn: Assault on Law Enforcement Is Out of Control
0000211	Rite Aid Money Orders: Everything to Know (Provider, Hours, Cost…)
0000212	Fiery Judge Jeanine to Comey: 'Send These Clintons Back to Where They Came From'
0000213	Funny Watters Finds Out What Kids Think About Trump, Clinton & the 2016 Race
0000214	Election HQ 'Do You Believe That?': O'Reilly Questions Trump's 'Rigged Election' Claims
0000215	Gun Store Offers 'Pre-Hillary Sale,' Warns of Skyrocketing Prices
0000216	Jemele Hill’s Politics: 5 Fast Facts You Need to Know
0000217	Book on Chicana Activists Honors The Women History Has Ignored
0000218	Harvey Weinstein Has Destroyed Hollywood -- Now What?
0000219	12 Psychological Tactics Donald Trump Uses to Manipulate the Masses
0000220	The Spirit of Free Speech at UC Berkeley: Why the Left Opposes It
0000221	Alt-left
0000222	Israel and the American Jewish Crisis
0000223	Israel-Jordan Peace Agreement: The Emperor Has No Clothes
0000224	Butler County Sheriff requests ICE shut down local businesses that hire illegals
0000225	Dez Bryant announces Cowboys’ plans for national anthem
0000226	Raw Video: 2 officers shot outside of Ferguson police department
0000227	Jerry Jones explains why he opposes national anthem protests
0000228	Uber Driver Catches Cop In A Lie About The Law And Totally Schools Him
0000229	Gloating Trump Renews Attacks on 'Fake News' After CNN Corrects Russia Probe Story
0000230	Police arrest suspected deadly al-Shabaab fighters in Kenya
0000231	Hunter Who Says He Was Shot At By Immigrants At U.S.-Mexico Border Was Victim Of Friendly Fire, Investigators Conclude
0000232	EPA Chief Scott Pruit To Repeal Obama’s Global Warming Rule
0000233	Hurricane Harvey 2017: Forecast, Map, Path & Live Updates
0000234	NOT REAL NEWS: A look at what didn't happen this week
0000235	Former President Barack Obama Reportedly Got Called to Serve Jury Duty in Chicago
0000236	Hillary Clinton's "What Happened" Book
0000237	Imran Awan Had a Secret Server that Was Connected to the House Democratic Caucus
0000238	Is The White House Using a Melania Trump Stunt Double? Voters Convinced On Twitter
0000239	Gutfeld: 'The Media Wants Hillary to Win; There's No Doubt About That'
0000240	Juanita Broaddrick: Trump Apologized; Where's Bill and Hillary's Apologies?
0000241	Rose McGowan Slams Ben Affleck and Matt Damon Over Weinstein Sex Charges — Then the Twitter Police Step In
0000242	Leftists Blame NRA For Las Vegas Tragedy
0000243	Jimmy Kimmel Uses One Word to Insult Gun Owners After Vegas Shooting, It Backfires Instantly
0000244	Why Criminals Stealing Suppressors Isn’t The Problem Some Anti-Gunners Think
0000245	Police Get A Truly Horrible Surprise When Searching Boxes On A Suspicious Cargo Truck
0000246	August Ames Heartbreaking Suicide Note Reportedly Found In Car After Tragic Death At 23
0000247	Hollywood Terrified Rose McGowan Will Name More Alleged Sexual Harassers, Says Source
0000248	Seal: I wasn't attacking Oprah in social media post
0000249	Las Vegas Police still unsure of concert shooter's motive
0000250	John Legend Calls The National Anthem 'WEAK'
0000251	Harvey Weinstein May Lose $800 Million & Spend Life In Jail After Assault Claims — Attorney Explains
0000252	Sen. John McCain diagnosed with brain cancer
0000253	Trump Jr. calls charge of collusion 'ridiculous'
0000254	Under Trump, opposing 'chain migration' is even bigger than 'amnesty'
0000255	Why Was Twitter Down? Another DDoS Attack? Everything You Need To Know
0000256	Crime Watch Daily investigates sex-trafficking epidemic in U.S.
0000257	Trump VP Pence Wastes Hundreds of Thousands of Tax Dollars on Fake NFL Photo Op
0000258	Crime Watch Daily joins hunt for missing Little Rock teen Ebby Steppach
0000259	Funny SEE IT: Watters Drops by NYC's Dominican Day Parade
0000260	Trump Campaign Mgr: He Raised Clinton Accusers Issue 'Exactly the Right Way'
0000261	Hanson: Progressive attacks on Trump are backfiring
0000262	As Kathy Griffin Joins ISIS, the US Must Enforce Laws Regarding Threats to the President
0000263	Fund: Hillary’s ‘Ravings’ Are Only Evidence of Voter Suppression
0000264	Police in Seattle Can’t Say ‘Suspect’ Anymore, It’s Now ‘Community Members’
0000265	Game Show Winner Mocks Barron Trump’s Response to Gruesome Kathy Griffin Photo
0000266	Global Warming…Enough Already
0000267	Hillary Clinton’s Response to Las Vegas Shooting Calls for Gun Control
0000268	Can Hillary Clinton Please Go Quietly Into the Night?
0000269	Sun Tzu and the Democratic Party
0000270	Los Angeles to Legalize Street-Side Food Vendors to Spite Trump, ICE
0000271	Does the New NRA Ad with Dana Loesch Call for Violence?
0000272	The Conservative Warriors of Generation Z
0000273	Statistics Dispel Why Minneapolis Mayoral Candidate Dehn’s Push To Disarm Cops Will Fail
0000274	Ingraham: ‘Successful Trump Presidency’ Would Be ‘Armageddon’ for Liberals
0000275	Is 'Black Lives Matter' a Racist Term? Watters' World Tackles Racism
0000276	This List Of Attacks Against Conservatives Is Mind Blowing
0000277	Hundreds marched against 'Confederate pride' in Austin, Texas
0000278	Reps. Gaetz, Biggs: Hillary Clinton's FBI special treatment must be investigated
0000279	Catholic bishops called out Steve Bannon over his comments about undocumented immigrants
0000280	No, ISIS Isn't Rooting for Clinton
0000281	Trump Campaign Manager Calls on Obama, Clinton to Calm Protests
0000282	Donald Trump Defends Past Remarks About Women
0000283	President-Elect Trump Tours Washington
0000284	Team Trump Celebrates Surprise Election Victory
0000285	What Happens to the @POTUS Twitter After Obama Leaves?
0000286	17 ISIS Militants Posed as Refugees to Reach Europe: German Official
0000287	Highlights, outtakes from Obama's 60 Minutes interview
0000288	To distract from email controversy, Clinton targets Trump's record with women
0000289	FBI: No charges against Hillary Clinton are appropriate for email server use
0000290	CEO, More Resign Amid Ongoing Miss America Scandal
0000291	Trey Gowdy: FBI Was Only Following Trump's Order
0000292	FBI reviewing newly discovered Clinton-related emails
0000293	Donald Trump's September fundraising lags behind Hillary Clinton
0000294	Odessa businessman donates $1M to American Red Cross as they prepare for more possible tragedy
0000295	Mike Vanderjagt suspended from coaching gig
0000296	NFL: 'Of course' bounty coaches are 'free to speak'
0000297	President Barack Obama tweets about locked-out refs
0000298	Trump taking aim at Sessions for 'weak' position on Clinton, reportedly discussing firing
0000299	Biden: Clinton didn’t recognize “gravity” of setting up private email server
0000300	Latest leaked emails: Former top aide to Bill Clinton disparages Chelsea Clinton
0000301	Leaked Podesta emails address Obama polling in 2008, executive privilege
0000302	Donald Trump: Russia probe a 'hoax,' media was 'greatest influence'
0000303	Islam and the Mistreatment of Women
0000304	Anonymous Denies Claim They Hacked Neo-Nazi Website Daily Stormer
0000305	Chris Brown Laughs During National Anthem & Refuses To Stand, Has Unexpected Encounter After (Video)
0000306	Trump Calls Out NFL for Not Forcing Players to Stand During Anthem
0000307	Police Called After Harvey Weinstein Reportedly Got Into Argument With Daughter
0000308	Trump Reportedly Is Predicting He Will Appoint Four Supreme Court Justices
0000309	Graphic Video of Fatal Shooting Released After Fmr. Officer Acquitted of Murder
0000310	Your response to Trump’s racist ‘shithole’ comment will be remembered
0000311	Donald Trump and women
0000312	Paris attacks
0000313	Will Clinton's new FBI controversy change voters' minds?
0000314	Why Hillary Clinton might feel Donald Trump's pain after "2nd Amendment" gaffe
0000315	Who's who in the FBI email investigation?
0000316	Tim Kaine talks Iran cash transfer, Clinton's relationship with GOP
0000317	SNL takes a jab at Donald Trump, who doesn't like it
0000318	Family heirlooms "fill vast silences" at new African American museum
0000319	Nancy Pelosi: Too much is being made of Clinton emails
0000320	Former CIA director on "worst-case scenario" in Syrian civil war
0000321	John Fox preferred Denver Broncos going for overtime
0000322	President Obama to RG3: Protect yourself on field
0000323	NFL isn't planning to ask Browns' Jimmy Haslam to step down
0000324	Richie Incognito, Jonathan Martin reps to meet?
0000325	Did climate change effect hurricanes Irma and Harvey?
0000326	Donald Trump sexual misconduct allegations
0000327	7 Tone-Deaf Things Trump Said While Visiting Puerto Rico
0000328	Muslim, Sikh supporters for President Donald Trump rally in Annapolis
0000329	The Daily Show' imagines what a Donald Trump vs. Joe Biden fight would look like
0000330	Lena Dunham wore a NSFW anti-Donald Trump costume for Halloween
0000331	I'm talking about the timing': Joe Scarborough suggests assault allegations against Trump were coordinated
0000332	This video of waves crashing directly into a house shows the danger and power of Hurricane Matthew's flooding
0000333	The Garbage Case for Roy Moore
0000334	Trump: Comey ‘lied and leaked’ and protected Clinton
0000335	Certified fraud expert reveals the subtle hints that someone is lying to you
0000336	Pamela Engel
0000337	Maxwell Tani
0000338	NY cop killer is a known Hillary supporter
0000339	Chance the Rapper to Perform at Obama Foundation Summit
0000340	drug free manatee citres reasons to reject medical marijuana amendment on Florida's ballot | Bradenton Herald
0000341	1st Amendment
0000342	Trump: The pathological liar
0000343	Donald Trump Cannot Be President of the United States
0000344	Freddie Gray fallout in Baltimore
0000345	Shocking moment naked man 'high on drugs' goes on rampage in Chicago neighborhood after cutting off his own penis
0000346	Trump: Clinton has "no idea" if Russia behind email hack -- So who's right?
0000347	Pulse families' lawsuit against Twitter, Facebook and Google dismissed
0000348	NFL will not discipline Rams for pregame gesture
0000349	She claimed to support same-sex marriage
0000350	Donald Trump's campaign rejects endorsement of Ku Klux Klan
0000351	Donald Trump hits Justice Department, Huma Abedin after FBI email developments
0000352	COMMENTARY: Donald Trump, candidate of change
0000353	GoDaddy bans neo-Nazi site Daily Stormer for ‘violating’ terms of service
0000354	Closing arguments heard in Rolling Stone defamation trial
0000355	The Next Appeasement?
0000356	Racial Profiling in Preschool
0000357	Donald Trump, the Worst of America
0000358	Comey, Clinton and This Steaming Mess
0000359	The G.O.P.’s Radical Supreme Court Talk
0000360	What the Wells Fargo Crackdown Signals to Corporate America
0000361	Only 9% of America Chose Trump and Clinton as the Nominees
0000362	Fact Checks of the Second Presidential Debate
0000363	Fact Checks of the Third Presidential Debate
0000364	Fact Checks of the 2016 Election
0000365	What the Nobel Peace Prize Prizes
0000366	Clinton campaign does damage control after email hack
0000367	A Look Back: Barack Obama addresses delegates at the 2004 DNC
0000368	Substitute teacher calls police on Muslim boy with Down syndrome, 6, claiming he's a TERRORIST who keeps saying 'Allah' and 'Boom' - even though his father insists he can't speak
0000369	NY Times Reporter Admits Trump More Open to Press Than Obama
0000370	Obama Commutes Sentence Of Chelsea Manning
0000371	Former CIA agent wants to buy Twitter to kick Donald Trump off
0000372	Republican headquarters in North Carolina firebombed
0000373	Betar letter: Washington Post
0000374	Elliott letter: Vote Democrats
0000375	Diddy Makes Urgent Plea To Public After Trump’s Ignorant NFL Protest Speech
0000376	Are All Men Supposed To Be Financially Buoyant? Lady Warns Women Who Broke-Shame Men
0000377	Video: Iraq Forces meet ‘fierce’ Resistance in SW Mosul
0000378	ESTA warning: Brits to undergo ‘extreme vetting’ in the US following Trump election
0000379	Opinion Line (Oct. 12)
0000380	Can North Korea Strike U.S. With a Missile Dropkick?
0000381	Audit: $84M in taxpayer funds improperly used for Delta tunnels
0000382	Police: Mom leaves 4 young kids home alone, goes on European vacation
0000383	10 arrested as clashes break out during Berkeley protests
0000384	At least 10 arrested as clashes break out during Berkeley protests
0000385	Why California is closer to becoming a sanctuary state
0000386	If you get a call from a woman screaming for help, hang up, FBI says
0000387	Ahead of NFL games, Trump again calls on players to stand during anthem
0000388	California becomes sanctuary state
0000389	Rep. Grijalva arrested in front of Trump Tower
0000390	Michael Wolff on Billy Bush and How the Media Wrung Trump Dry Before Toppling Him
0000391	Twin assaults on Iran's parliament and shrine rock Tehran
0000392	Watch The Resistance with Keith Olbermann
0000393	Scott Walker Tweeted a Really Great Point About Hillary Clinton and Obama
0000394	WikiLeaks: Podesta lamented that a Muslim, not a white man, named as killer in 2015 massacre
0000395	Clinton staffer on Black Lives Matter founder: 'Yuck'
0000396	ICE arrests 97 suspected illegal immigrants at Tennessee meat processing plant
0000397	Hannity: How far will the deep state go to damage Trump?
0000398	New video shows struggle in Huntington Beacch officer-involved shooting
0000399	John Ashcroft: This is Not The Justice Department That I Knew
0000400	Why FBI's James Comey 'Reopened' Clinton Email Probe Days Before the Election
0000401	Fmr. FBI Asst. Director: Comey's Professional, Ethical Experience is at Risk
0000402	Erdogan: Turki akan buka kedutaan di Baitulmaqdis Timur
0000403	White House says President Trump will donate $1 million to Harvey relief
0000404	The Sweet Reason Why Barack Obama Doesn't Wear His Wedding Ring
0000405	Michelle Obama Expressed the Horror We're All Feeling About Donald Trump's Treatment of Women
0000406	Newt Gingrich Lost His Mind During an Argument With Megyn Kelly
0000407	More From Tom Toles
0000408	Gun control would make Americans slaves
0000409	Open a Criminal Investigation of Barack Hussein Obama
0000410	GQ Daily | 《口袋妖怪》的真人版电影，讲的是侦探皮卡丘的故事
0000411	If You Vote For Trump, Then Screw You
0000412	Even Jerry Springer Thinks This Election Is Too Much
0000413	The 2016 Election Will Never End
0000414	Donald Trump Doesn't Believe in the Constitution
0000415	It's possible' Bernie Sanders says he could have beaten Donald Trump
0000416	Armed serial robber shot by police after Puyallup chase
0000417	Cashier Notices Panicky Woman Is Making A Strange Purchase, Then Realizes She’s Being Scammed
0000418	The Weather Channel Just Made Urgent Warning To Anyone In The Path Of Hurricane Matthew
0000419	Martial Artist Dad Hears Piercing Scream, Then He Sees Woman Being Attacked And Rushes To Her
0000420	Donald Trump urged by Margaret Thatcher aide to ‘show humility’
0000421	UK urged to follow Donald Trump's vow to DEPORT illegal immigrants
0000422	President Trump’s first 100 days: What will Donald Trump do now?
0000423	Police issue suspicious device warning to people living in Dungiven
0000424	What is Article 50? Government LOSES Supreme Court battle over triggering Article 50
0000425	Correction - 25 November 2015
0000426	The Prime Minister should not wait to trigger Article 50, writes Stephen Pollard
0000427	We face political crisis ENTIRELY of the Remainers' making, says Stephen Pollard
0000428	Victory for Trump would create a SAFER, MORE PROSPEROUS world, writes James Delingpole
0000429	EU is much more dangerous than Donald Trump, says Leo McKinstry
0000430	Punished for not showing enough respect to Islam says Leo McKinstry
0000431	Jennifer Lawrence pens inspiring letter on Donald Trump victory: 'Let it enrage you'
0000432	The Great Divider
0000433	Why is Hollywood such a sleazy place?
0000434	COPS PUSH BIBI INDICTMENTS
0000435	Barack Obama May Have Just Taken A Swing At President Trump Where He'll Really Feel It
0000436	Dad Buys Used Desk For $150 On Craigslist, Then He Finds A Hidden Bag Filled With Money Inside
0000437	German police unveil new anti-terrorist gear in the wake of deadly Islamist attacks
0000438	The Truth Story Behind The Clintons Relationship: Revealed
0000439	WATCH: Mike Huckabee ‘Can’t Recall’ If Donald Trump Has Admitted To Sexually Assaulting Women
0000440	Trump and Clinton Halloween masks sell fast
0000441	Clinton to spend election night under a glass ceiling
0000442	The Hillary Clinton emails: What we know, and what we don't
0000443	President Obama endorses in local state legislative races
0000444	King Co. executive to white supremacists: ‘We stand united against hateful rhetoric'
0000445	New body cam video shows Las Vegas police encounter with Michael Bennett
0000446	Real Time Updates: "Freedom Rally" met by "Solidarity Against Hate" counter-protest in Seattle
0000447	Corey Feldman's 1993 tapes about sexual abuse have been found
0000448	Neo-Nazi website Daily Stormer booted by GoDaddy, possibly hacked
0000449	Police hunt for migrants on the run in Spain after dinghy found abandoned on beach
0000450	Will truth over alien UFOs stay buried now Hillary Clinton failed to make the White House?
0000451	Could Hurricane Matthew loop around and hit Florida for a SECOND time?
0000452	Will Hurricane Matthew hit the US? Latest forecast for Carolinas, Georgia, Virginia, more
0000453	EMT who performed rescues during Harvey among those who could be deported
0000454	Terry Crews Shares Story Of How He Was Sexually Assaulted By Hollywood Executive
0000455	Do Not Resist (NR)
0000456	Trump Condoms, Anyone? The Outrageous Swag of the Republican Convention
0000457	Stephen Paddock: What We Know About The Las Vegas Shooter
0000458	Midland Daily News Obituaries Past 30 days: All of Midland Daily News Obituaries from Past 30 days
0000459	Delighted' MEXICAN woman can't wait for Donald Trump's 'great wall' to be built
0000460	Let's Talk About the Constitution – After Trump's Win, We're Going to Need It
0000461	Watch Jimmy Kimmel Help Voters Process Donald Trump's Victory
0000462	President Trump shows his true colors | The Sacramento Bee
0000463	What Do Background Checks Do To Crime Rates? Not What Some Think
0000464	Anti-Gun Crusader Admits What We Already Knew
0000465	A beginner’s guide to the AfD
0000466	Donald Trump discovers his inner neocon
0000467	Judge Tosses Out Injured Cop’s Case Against DeRay McKesson And Black Lives Matter
0000468	Pay Attention! FBI Says “Black Identity Extremists” Pose Growing Threat To Cops
0000469	Breaking! Poland’s President just went after CNN. They are Done!
0000470	R. Kelly Scandal: Alleged “Hostage” Speaks After Family Hold Press Conference
0000471	Sick of Congress Trying to Undermine the 2nd Amendment? Sign the Petition!
0000472	Meet The LEFTS’ WORST NIGHTMARE! Democrats Don’t Want Minorities Watching Her Videos!
0000473	Trump Again Has The Lowest Approval Rating In Modern Times
0000474	Statue of the Unknown Soldier Possibly Pushed Down in Park in Longview
0000475	Identity in a Fog: Gender Identity After Sexual Abuse
0000476	How Trump Accidentally Made Obama Great Again
0000477	Black Like He And I: The Man-Not And The Fight To Humanize Black Men And Boys
0000478	An idea: Get a supermodel to tweet some climate policy at Trump.
0000479	Barack & Michelle Obama ‘Disgusted’ By Harvey Weinstein Sexual Harassment Scandal
0000480	Corey Taylor - America 51 review
0000481	Megadeth’s Dave Mustaine condemns Charlottesville violence
0000482	Trump Announces Ban on Transgender People Serving in the Military
0000483	This Police Department Found Out Employees Were Radical Racists After Someone Aired Them Out On Facebook
0000484	Here’s What Happened When a Drunk Driver Pulled a Gun on a Police Officer
0000485	John Legend Says Harvey Weinstein Shouldn’t Work In Hollywood
0000486	US aircraft are picking off ISIS militants in stranded desert convoy 'one by one'
0000487	Check your tickets! Winning Powerball numbers are in
0000488	Amal, George Clooney donate $1 million to anti-hate group after Charlottesville violence
0000489	Report: Bernie and Jane Sanders hire lawyers amid FBI probe
0000490	Palm Beach, Broward Counties added to FEMA Individual Assistance
0000491	Comey Lawyer: No memos given to me were marked classified
0000492	Internet Companies Are Teaming Up To Block White Nationalists
0000493	Fundraiser for counterprotester killed at Charlottesville rally nets $225,000
0000494	Lawmakers call for firing of Trump administration officials who support white supremacy
0000495	Tony Dungy donates to help remove Confederate statue in Tampa Bay area
0000496	WATCH: Jimmy Fallon passes on monologue to reflect on Charlottesville protests
0000497	Beyond horrific': Deadliest mass shooting in modern US history
0000498	Detroit doctor charged for female genital mutilation to be released on $4.5M bond
0000499	Two dead after shooting on White Horse Road, sheriff says
0000500	Tomi Lahren Says It's Wrong To Believe Every Sex Assault Claim
0000501	Truck Ad Featuring Ivanka Trump Bashing Roy Moore Trolls Dad's Rally
0000502	Trump Thinks Bernie Sanders Will Run Against Him ‘In A Wheelchair’ In 2020
0000503	Thurrock Muslims gather to pray for victims of Manchester terror attack
0000504	CHICAGO: 117 KILLED, 572 SHOT In 71 Days…Obama Terrorist Friend, Bill Ayers, Bernie Sanders, Black Lives Matter Make Violence Against FREE SPEECH Top Priority… Soros Group Openly Threatens Americans
0000505	Difference between revisions of "Journalism and analysis about voters in the Obama-Obama-Trump Pivot Counties"
0000506	4 fictional countries America should invade
0000507	Trump Can’t Get Congress To Repeal Obamacare, So He’s Making Changes That Will Penalize Low-Income Americans Instead
0000508	The Las Vegas Shooting and the Attack of the Carrion Crows
0000509	A guide to the confusing world of sponsored Facebook posts, which make it hard to distinguish between ads and journalism
0000510	How Bruce Rauner is trying to cripple the Democratic Party
0000511	What is a 'dotard'?
0000512	North Korea launched a ballistic missile in the wake of economic sanctions
0000513	Donald Trump said the USS Gerald Ford will make America's enemies 'shake with fear'
0000514	Trump called his attorney general, Jeff Sessions, 'beleaguered' on Twitter
0000515	92% of US Muslims are proud to be American, though most see 'a lot' of discrimination
0000516	Jeff Sessions announced new conditions for sanctuary cities to receive federal funds
0000517	John McCain's 'no' on health care sent shock waves throughout the Senate
0000518	Facebook users got angry after they mistook empty bus seats for women in burqas
0000519	Firefighters extinguished the blaze that hit Dubai's Torch Tower
0000520	Venezuela's constitutional assembly ousted its chief prosecutor
0000521	The Daily Stormer switched to Google after GoDaddy gave it '24 hours to move the domain'
0000522	North Carolina authorities arrested the protester they say helped topple a Confederate statue
0000523	An FBI agent was injured when a flash grenade exploded in Manhattan
0000524	Three House Democrats introduced a resolution to censure Trump over Charlottesville
0000525	Homeland Security is in contact with European allies regarding terror attack in Barcelona
0000526	Secret Service: Package cleared near White House
0000527	Texas coastal residents urged to leave as Harvey wind speeds rise to 125 mph
0000528	Radical Islamic Ideology – A Plague Against Humanity
0000529	New documents reveal FBI's Clinton cover-up
0000530	Iran, Operating From Syria, Will Destroy Europe and North America
0000531	Donald Trump: Knife crime turns London hospital into ‘war zone’
0000532	CNN Commentator: Trump Thinks 'He Is a Slave Master of Black People'
0000533	WATCH: This Man Tells The Truth! Exposes politicians creating opportunities for violence
0000534	Sons of American Legion present new American flag to Globe Library
0000535	Gay Activists: Be Tolerant. Or We Will Destroy You!
0000536	Roger Goodell: NFL wants all players to stand for anthem, won't make them
0000537	Trump Insists He Never Fired Ex-FBI Director Comey Because of Russia
0000538	On The Morning After A Huge Result, The Daily Record Manufactures An Anti-Celtic Story.
0000539	WATCH: Students trash Trump (not knowing Obama did the same thing!)
0000540	T-Boz Seeks Justice After Cops Shoot Mentally Challenged Cousin 18 Times… #BlackLivesMatter
0000541	Bernice Burgos Addresses T.I. ‘Relationship,’ Plastic Surgery & More on The Breakfast Club… (FULL VIDEO)
0000542	Days of Our Lives Spoilers
0000543	Scientific Evidence That Left-Handed People Are Exceptional
0000544	Much Ado about Pickles
0000545	Chappaqua's Hillary Clinton Will Speak At Business Council Annual Dinner
0000546	Notre Dame Students Walk Out During Mike Pence's Commencement Speech
0000547	Guess What? Latinos Are Often Guilty Of Perpetuating White Supremacy And We Don’t Even Notice It
0000548	[Graphic 18+] Scores of dead ISIS terrorists litter streets of Al-Mayadeen – video
0000549	Jason Aldean, Jake Owen, more celebs react to the 'beyond horrific' shooting in Las Vegas
0000550	The Queen sends a message of condolence to Donald Trump following Las Vegas shootings
0000551	U.S. tip-off helped Russia thwart 'major' terrorist plot: White House
0000552	A Michigan woman who chose her baby over chemotherapy has died
0000553	Oakland A's catcher Bruce Maxwell first MLB player to kneel during national anthem
0000554	The Trump White House in review: Week 50
0000555	23 Funniest Examples of That Multiple Choice Man/Woman Meme Taking Over Twitter
0000556	Twitter Is Changing Its Character Limit to 280 Characters - Here Are 26 Jokes About It
0000557	Is the Accused Charlottesville Killer an Anti-Trump Leftist Supported by Clinton, Soros?
0000558	Did 'Antifa' Stab a Vermont Man for Not Condemning a Nazi?
0000559	Did a Texas Mosque Refuse to Help Hurricane Harvey Survivors?
0000560	Did Colin Kaepernick Say He Would Stand for the National Anthem If Signed by an NFL Team?
0000561	Robert F. Kennedy Jr. Said That “Trump Could Be the Greatest President in History”?
0000562	Is Trump Spending More Taxpayer Dollars on Personal Travel than Obama Did?
0000563	Barack Obama Laughs With George Soros?
0000564	Police Arrest Mandalay Security Guard Jesus Compos As Second Shooter in Las Vegas Massacre?
0000565	Racist Protesters Protected by Black Policeman?
0000566	Donald Trump Signs Executive Order Cancelling Saturday Night Live?
0000567	Did a 'Muslim Migrant' Beat Up a Dutch Boy on Crutches?
0000568	Was the Security Guard at Mandalay Bay an 'Accomplice' to the Las Vegas Mass Shooter?
0000569	Are you ready to live in a lawless nation under Donald Trump?
0000570	Cowboys back to business as usual with anthem, per Dez Bryant
0000571	More than 50 animals found tethered to trees in Florida county as Irma approaches
0000572	Hurricane Irma: Blood donations needed to help victims in Florida
0000573	Hurricane Irma: Polk County Sheriff Grady Judd threatens to arrest fugitives at shelters
0000574	Police Force Actually Used That 'Man Looking at Woman' Meme to Encourage Safe Driving
0000575	Facebook sets up crisis response page after Las Vegas shooting
0000576	Sixteenth consecutive month of record global warmth
0000577	Philippines storm: 'never experienced a flood like it'
0000578	Horrified by Trump? Just think where we’d be with Hillary | The Tribune
0000579	FBI’s new Clinton investigation could upend presidential race
0000580	If you get a call from a woman screaming for help, hang up, FBI says
0000581	Woman charged with running illegal slot machines in Bradenton | Bradenton Herald
0000582	Amendment 1 constitutionally guarantees your Florida solar rights
0000583	Philly cheesesteak joint started by Italian immigrants removes iconic ‘This is America – Speak English’ sign
0000584	Google search terms ‘Trump women’ vs. ‘Wikileaks’ show which one America REALLY cares about
0000585	Biden does it in front of us! ‘Outraged’ Dems won’t talk about creepy Joe’s inappropriate touching
0000586	Lawmaker introduces legislation to castrate certain sex offenders
0000587	Why this Trump row is different
0000588	California dreaming... of secession
0000589	Kareem Abdul-Jabbar: Colin Kaepernick Is A Hero Muhammad Ali Would Be Proud Of
0000590	Hillary's campaign and Bill's women
0000591	Imagine if the Austin bomber was a Mexican or Muslim' Twitter users point out double standards after terror attacks
0000592	GOP DOUBLE-CROSSING TRAITORS
0000593	Hillary Protests Too Much
0000594	I Have a Dream
0000595	Trump Destroyed Bill And Hillary Clinton With One Tweet
0000596	Judge Responds To Man's Request For Sharia Law
0000597	SMS free to your friends and family in Europe.
0000598	Trump calls for prosecution of Democrats after reports of impending indictments in Russia probe: 'DO SOMETHING'
0000599	Trump accuses former Clinton aide of failing to follow security protocols
0000600	Trump to undo Obama order, allow local police to have additional military-like items
0000601	Kids tell Jimmy Kimmel how they feel about President-elect Trump
0000602	ISIS sex slave describes horrifying scenes: 'Forced to do things that were disgusting'
0000603	Americans Were Asked To Find N. Korea On A Map, And What Resulted Is Painful To Watch
0000604	Julian Assange: This Is The REAL Reason Bernie Sanders Dropped Out Of The Race
0000605	Sheriff Who Trump Pardoned Protected Pedophiles By Refusing To Investigate Hundreds Of Child Sex Crimes
0000606	DNC Breaks the Law to Promote Illegal Immigration
0000607	Terry Crews: 'Men Need to Hold Other Men Accountable'
0000608	Barack Obama Is Gone, Now Restoring What It Means To Be An American.
0000609	GOP congressional candidate uses Twitter to coordinate attacks on 'Jewish media,' vowing to 'decimate them all'
0000610	The Justice Department is reportedly looking into Hillary Clinton's emails again
0000611	Republicans' hilariously pathetic attempt to manufacture another Hillary Clinton scandal
0000612	People
0000613	Donald Trump and Hillary Clinton Don’t Shake Hands to Kick Off Second Presidential Debate: Watch
0000614	Celebrities’ Political Affiliations
0000615	Six-Year-Old Is Punished By School For Kneeling During The Pledge Of Allegiance
0000616	Book: Obama plot to 'destroy Trump' over Russia hatched at Christmas
0000617	DACA hurts American millennials the most
0000618	How liberal Democrats use lies to get what they want
0000619	Steve Bannon hires lawyer ahead of House Intelligence Committee interview
0000620	Las Vegas Shooting, Mandalay Bay Guard Reveals Violent Moment of Engagement to Ellen
0000621	Off-duty Phoenix officer leaves gun at Hamilton High School
0000622	Did FEMA Deny Aid to Harvey Victims Unless They Received Vaccinations?
0000623	SHAMELESS Liberal Media Exploits Harvey Devastation to Shill for DACA
0000624	Trump says NFL owners should fire players who kneel for national anthem
0000625	Navajo Code Talkers Day: A day dedicated to heroes of World War II
0000626	Video: 12-year-old calls out Las Vegas cop for parking on sidewalk
0000627	Police: Knightdale man stabbed in head, neck during domestic dispute
0000628	[VIDEO] Bernie Supporters [Allegedly] Get Violent After Hillary Machine ‘Rigs’ Nevada
0000629	KFC Sent This Awesome Painting To The Guy Who Uncovered Their Twitter Secret
0000630	Trump Voters Are Angry? Well, Here’s What’s Really Worthy of Anger
0000631	Trump Must Now Be Compelled to Withdraw
0000632	This Election is Too Important to Dare Not Vote for Hillary Clinton
0000633	Hillary was Wrong. All of Trump's Supporters Are "Deplorable"
0000634	12 Michelle Obama Quotes That Will Make You Say "I'm With Her"
0000635	Coward With Terminal Brain Cancer Jumps Out Of Government-Funded Death Bed To Kill Other Sick People
0000636	Don Trump Jr. Continues His Harvey Weinstein Trolling With Dare to Jimmy Kimmel
0000637	Scandal-Plagued Obama Appointed Attorney Now Faces State Ethics Charges
0000638	Trump says new book on his administration ‘full of lies’
0000639	Hurricane kills 264, Obama declares emergency
0000640	Trump Turns his Back on American Workers
0000641	Cummins: Rescinding DACA ‘discriminatory, harmful, sets our country back’
0000642	Trump travel ban can be enforced, says US Supreme Court
0000643	VIDEO- AG SESSIONS: Comey Went Rogue In Hillary Email Case; Usurped Entire Justice Department
0000644	Hollywood Actors Who Condemn Trump but Were Silent on Weinstein
